Borough,Neighborhood
1,ALPHABET CITY
1,CHELSEA
1,CHINATOWN
1,CIVIC CENTER
1,CLINTON
1,EAST VILLAGE
1,FASHION
1,FINANCIAL
1,FLATIRON
1,GRAMERCY
1,GREENWICH VILLAGE-CENTRAL
1,GREENWICH VILLAGE-WEST
1,HARLEM-CENTRAL
1,HARLEM-EAST
1,HARLEM-UPPER
1,HARLEM-WEST
1,INWOOD
1,JAVITS CENTER
1,KIPS BAY
1,LITTLE ITALY
1,LOWER EAST SIDE
1,MANHATTAN VALLEY
1,MANHATTAN-UNKNOWN
1,MIDTOWN CBD
1,MIDTOWN EAST
1,MIDTOWN WEST
1,MORNINGSIDE HEIGHTS
1,MURRAY HILL
1,ROOSEVELT ISLAND
1,SOHO
1,SOUTHBRIDGE
1,TRIBECA
1,UPPER EAST SIDE (59-79)
1,UPPER EAST SIDE (79-96)
1,UPPER EAST SIDE (96-110)
1,UPPER WEST SIDE (59-79)
1,UPPER WEST SIDE (79-96)
1,UPPER WEST SIDE (96-116)
1,WASHINGTON HEIGHTS LOWER
1,WASHINGTON HEIGHTS UPPER
3,BATH BEACH
3,BAY RIDGE
3,BEDFORD STUYVESANT
3,BENSONHURST
3,BERGEN BEACH
3,BOERUM HILL
3,BOROUGH PARK
3,BRIGHTON BEACH
3,BROOKLYN HEIGHTS
3,BROOKLYN-UNKNOWN
3,BROWNSVILLE
3,BUSH TERMINAL
3,BUSHWICK
3,CANARSIE
3,CARROLL GARDENS
3,CLINTON HILL
3,COBBLE HILL
3,COBBLE HILL-WEST
3,CONEY ISLAND
3,CROWN HEIGHTS
3,CYPRESS HILLS
3,DOWNTOWN-FULTON FERRY
3,DOWNTOWN-FULTON MALL
3,DOWNTOWN-METROTECH
3,DYKER HEIGHTS
3,EAST NEW YORK
3,FLATBUSH-CENTRAL
3,FLATBUSH-EAST
3,FLATBUSH-LEFFERTS GARDEN
3,FLATBUSH-NORTH
3,FLATLANDS
3,FORT GREENE
3,GERRITSEN BEACH
3,GOWANUS
3,GRAVESEND
3,GREENPOINT
3,JAMAICA BAY
3,KENSINGTON
3,MADISON
3,MANHATTAN BEACH
3,MARINE PARK
3,MIDWOOD
3,MILL BASIN
3,NAVY YARD
3,OCEAN HILL
3,OCEAN PARKWAY-NORTH
3,OCEAN PARKWAY-SOUTH
3,OLD MILL BASIN
3,PARK SLOPE
3,PARK SLOPE SOUTH
3,PROSPECT HEIGHTS
3,RED HOOK
3,SEAGATE
3,SHEEPSHEAD BAY
3,SPRING CREEK
3,SUNSET PARK
3,WILLIAMSBURG-CENTRAL
3,WILLIAMSBURG-EAST
3,WILLIAMSBURG-NORTH
3,WILLIAMSBURG-SOUTH
3,WINDSOR TERRACE
3,WYCKOFF HEIGHTS
4,AIRPORT JFK
4,AIRPORT LA GUARDIA
4,ARVERNE
4,ASTORIA
4,BAYSIDE
4,BEECHHURST
4,BELLE HARBOR
4,BELLEROSE
4,BRIARWOOD
4,BROAD CHANNEL
4,CAMBRIA HEIGHTS
4,COLLEGE POINT
4,CORONA
4,DOUGLASTON
4,EAST ELMHURST
4,ELMHURST
4,FAR ROCKAWAY
4,FLORAL PARK
4,FLUSHING MEADOW PARK
4,FLUSHING-NORTH
4,FLUSHING-SOUTH
4,FOREST HILLS
4,FRESH MEADOWS
4,GLEN OAKS
4,GLENDALE
4,HAMMELS
4,HILLCREST
4,HOLLIS
4,HOLLIS HILLS
4,HOLLISWOOD
4,HOWARD BEACH
4,JACKSON HEIGHTS
4,JAMAICA
4,JAMAICA BAY
4,JAMAICA ESTATES
4,JAMAICA HILLS
4,KEW GARDENS
4,LAURELTON
4,LITTLE NECK
4,LONG ISLAND CITY
4,MASPETH
4,MIDDLE VILLAGE
4,NEPONSIT
4,OAKLAND GARDENS
4,OZONE PARK
4,QUEENS VILLAGE
4,QUEENS-UNKNOWN
4,REGO PARK
4,RICHMOND HILL
4,RIDGEWOOD
4,ROCKAWAY PARK
4,ROSEDALE
4,SO. JAMAICA-BAISLEY PARK
4,SOUTH JAMAICA
4,SOUTH OZONE PARK
4,SPRINGFIELD GARDENS
4,ST. ALBANS
4,SUNNYSIDE
4,WHITESTONE
4,WOODHAVEN
4,WOODSIDE
2,BATHGATE
2,BAYCHESTER
2,BEDFORD PARK/NORWOOD
2,BELMONT
2,BRONX PARK
2,BRONX-UNKNOWN
2,BRONXDALE
2,CASTLE HILL/UNIONPORT
2,CITY ISLAND
2,CITY ISLAND-PELHAM STRIP
2,CO-OP CITY
2,COUNTRY CLUB
2,CROTONA PARK
2,EAST TREMONT
2,FIELDSTON
2,FORDHAM
2,HIGHBRIDGE/MORRIS HEIGHTS
2,HUNTS POINT
2,KINGSBRIDGE HTS/UNIV HTS
2,KINGSBRIDGE/JEROME PARK
2,MELROSE/CONCOURSE
2,MORRIS PARK/VAN NEST
2,MORRISANIA/LONGWOOD
2,MOTT HAVEN/PORT MORRIS
2,MOUNT HOPE/MOUNT EDEN
2,PARKCHESTER
2,PELHAM BAY
2,PELHAM GARDENS
2,PELHAM PARKWAY NORTH
2,PELHAM PARKWAY SOUTH
2,RIVERDALE
2,SCHUYLERVILLE/PELHAM BAY
2,SOUNDVIEW
2,THROGS NECK
2,VAN CORTLANDT PARK
2,WAKEFIELD
2,WESTCHESTER
2,WILLIAMSBRIDGE
2,WOODLAWN
MANHATTAN,ALPHABET CITY
MANHATTAN,CHELSEA
MANHATTAN,CHINATOWN
MANHATTAN,CIVIC CENTER
MANHATTAN,CLINTON
MANHATTAN,EAST VILLAGE
MANHATTAN,FASHION
MANHATTAN,FINANCIAL
MANHATTAN,FLATIRON
MANHATTAN,GRAMERCY
MANHATTAN,GREENWICH VILLAGE-CENTRAL
MANHATTAN,GREENWICH VILLAGE-WEST
MANHATTAN,HARLEM-CENTRAL
MANHATTAN,HARLEM-EAST
MANHATTAN,HARLEM-UPPER
MANHATTAN,HARLEM-WEST
MANHATTAN,INWOOD
MANHATTAN,JAVITS CENTER
MANHATTAN,KIPS BAY
MANHATTAN,LITTLE ITALY
MANHATTAN,LOWER EAST SIDE
MANHATTAN,MANHATTAN VALLEY
MANHATTAN,MIDTOWN CBD
MANHATTAN,MIDTOWN EAST
MANHATTAN,MIDTOWN WEST
MANHATTAN,MORNINGSIDE HEIGHTS
MANHATTAN,MURRAY HILL
MANHATTAN,ROOSEVELT ISLAND
MANHATTAN,SOHO
MANHATTAN,SOUTHBRIDGE
MANHATTAN,TRIBECA
MANHATTAN,UPPER EAST SIDE (59-79)
MANHATTAN,UPPER EAST SIDE (79-96)
MANHATTAN,UPPER EAST SIDE (96-110)
MANHATTAN,UPPER WEST SIDE (59-79)
MANHATTAN,UPPER WEST SIDE (79-96)
MANHATTAN,UPPER WEST SIDE (96-116)
MANHATTAN,WASHINGTON HEIGHTS LOWER
MANHATTAN,WASHINGTON HEIGHTS UPPER
5,ANNADALE
5,ARDEN HEIGHTS
5,ARROCHAR
5,ARROCHAR-SHORE ACRES
5,BLOOMFIELD
5,BULLS HEAD
5,CASTLETON CORNERS
5,CLOVE LAKES
5,CONCORD
5,CONCORD-FOX HILLS
5,DONGAN HILLS
5,DONGAN HILLS-COLONY
5,DONGAN HILLS-OLD TOWN
5,ELTINGVILLE
5,EMERSON HILL
5,FRESH KILLS
5,GRANT CITY
5,GRASMERE
5,GREAT KILLS
5,GREAT KILLS-BAY TERRACE
5,GRYMES HILL
5,HUGUENOT
5,LIVINGSTON
5,MANOR HEIGHTS
5,MARINERS HARBOR
5,MIDLAND BEACH
5,NEW BRIGHTON
5,NEW BRIGHTON-ST. GEORGE
5,NEW DORP
5,NEW DORP-BEACH
5,NEW DORP-HEIGHTS
5,NEW SPRINGVILLE
5,OAKWOOD
5,OAKWOOD-BEACH
5,PLEASANT PLAINS
5,PORT IVORY
5,PORT RICHMOND
5,PRINCES BAY
5,RICHMONDTOWN
5,RICHMONDTOWN-LIGHTHS HILL
5,ROSEBANK
5,ROSSVILLE
5,ROSSVILLE-CHARLESTON
5,ROSSVILLE-PORT MOBIL
5,ROSSVILLE-RICHMOND VALLEY
5,SILVER LAKE
5,SOUTH BEACH
5,STAPLETON
5,STAPLETON-CLIFTON
5,STATEN ISLAND-UNKNOWN
5,SUNNYSIDE
5,TODT HILL
5,TOMPKINSVILLE
5,TOTTENVILLE
5,TRAVIS
5,WEST NEW BRIGHTON
5,WESTERLEIGH
5,WILLOWBROOK
5,WOODROW
BRONX,BATHGATE
BRONX,BAYCHESTER
BRONX,BEDFORD PARK/NORWOOD
BRONX,BELMONT
BRONX,BRONX PARK
BRONX,BRONXDALE
BRONX,CASTLE HILL/UNIONPORT
BRONX,CITY ISLAND
BRONX,CITY ISLAND-PELHAM STRIP
BRONX,CO-OP CITY
BRONX,COUNTRY CLUB
BRONX,CROTONA PARK
BRONX,EAST TREMONT
BRONX,FIELDSTON
BRONX,FORDHAM
BRONX,HIGHBRIDGE/MORRIS HEIGHTS
BRONX,HUNTS POINT
BRONX,KINGSBRIDGE HTS/UNIV HTS
BRONX,KINGSBRIDGE/JEROME PARK
BRONX,MELROSE/CONCOURSE
BRONX,MORRIS PARK/VAN NEST
BRONX,MORRISANIA/LONGWOOD
BRONX,MOTT HAVEN/PORT MORRIS
BRONX,MOUNT HOPE/MOUNT EDEN
BRONX,PARKCHESTER
BRONX,PELHAM GARDENS
BRONX,PELHAM PARKWAY NORTH
BRONX,PELHAM PARKWAY SOUTH
BRONX,RIVERDALE
BRONX,SCHUYLERVILLE/PELHAM BAY
BRONX,SOUNDVIEW
BRONX,THROGS NECK
BRONX,WAKEFIELD
BRONX,WESTCHESTER
BRONX,WILLIAMSBRIDGE
BRONX,WOODLAWN
BROOKLYN,BATH BEACH
BROOKLYN,BAY RIDGE
BROOKLYN,BEDFORD STUYVESANT
BROOKLYN,BENSONHURST
BROOKLYN,BERGEN BEACH
BROOKLYN,BOERUM HILL
BROOKLYN,BOROUGH PARK
BROOKLYN,BRIGHTON BEACH
BROOKLYN,BROOKLYN HEIGHTS
BROOKLYN,BROWNSVILLE
BROOKLYN,BUSH TERMINAL
BROOKLYN,BUSHWICK
BROOKLYN,CANARSIE
BROOKLYN,CARROLL GARDENS
BROOKLYN,CLINTON HILL
BROOKLYN,COBBLE HILL
BROOKLYN,COBBLE HILL-WEST
BROOKLYN,CONEY ISLAND
BROOKLYN,CROWN HEIGHTS
BROOKLYN,CYPRESS HILLS
BROOKLYN,DOWNTOWN-FULTON FERRY
BROOKLYN,DOWNTOWN-FULTON MALL
BROOKLYN,DOWNTOWN-METROTECH
BROOKLYN,DYKER HEIGHTS
BROOKLYN,EAST NEW YORK
BROOKLYN,FLATBUSH-CENTRAL
BROOKLYN,FLATBUSH-EAST
BROOKLYN,FLATBUSH-LEFFERTS GARDEN
BROOKLYN,FLATBUSH-NORTH
BROOKLYN,FLATLANDS
BROOKLYN,FORT GREENE
BROOKLYN,GERRITSEN BEACH
BROOKLYN,GOWANUS
BROOKLYN,GRAVESEND
BROOKLYN,GREENPOINT
BROOKLYN,KENSINGTON
BROOKLYN,MADISON
BROOKLYN,MANHATTAN BEACH
BROOKLYN,MARINE PARK
BROOKLYN,MIDWOOD
BROOKLYN,MILL BASIN
BROOKLYN,NAVY YARD
BROOKLYN,OCEAN HILL
BROOKLYN,OCEAN PARKWAY-NORTH
BROOKLYN,OCEAN PARKWAY-SOUTH
BROOKLYN,OLD MILL BASIN
BROOKLYN,PARK SLOPE
BROOKLYN,PARK SLOPE SOUTH
BROOKLYN,PROSPECT HEIGHTS
BROOKLYN,RED HOOK
BROOKLYN,SEAGATE
BROOKLYN,SHEEPSHEAD BAY
BROOKLYN,SUNSET PARK
BROOKLYN,WILLIAMSBURG-CENTRAL
BROOKLYN,WILLIAMSBURG-EAST
BROOKLYN,WILLIAMSBURG-NORTH
BROOKLYN,WILLIAMSBURG-SOUTH
BROOKLYN,WINDSOR TERRACE
BROOKLYN,WYCKOFF HEIGHTS
QUEENS,AIRPORT LA GUARDIA
QUEENS,ARVERNE
QUEENS,ASTORIA
QUEENS,BAYSIDE
QUEENS,BEECHHURST
QUEENS,BELLE HARBOR
QUEENS,BELLEROSE
QUEENS,BRIARWOOD
QUEENS,BROAD CHANNEL
QUEENS,CAMBRIA HEIGHTS
QUEENS,COLLEGE POINT
QUEENS,CORONA
QUEENS,DOUGLASTON
QUEENS,EAST ELMHURST
QUEENS,ELMHURST
QUEENS,FAR ROCKAWAY
QUEENS,FLORAL PARK
QUEENS,FLUSHING MEADOW PARK
QUEENS,FLUSHING-NORTH
QUEENS,FLUSHING-SOUTH
QUEENS,FOREST HILLS
QUEENS,FRESH MEADOWS
QUEENS,GLEN OAKS
QUEENS,GLENDALE
QUEENS,HAMMELS
QUEENS,HILLCREST
QUEENS,HOLLIS
QUEENS,HOLLIS HILLS
QUEENS,HOLLISWOOD
QUEENS,HOWARD BEACH
QUEENS,JACKSON HEIGHTS
QUEENS,JAMAICA
QUEENS,JAMAICA BAY
QUEENS,JAMAICA ESTATES
QUEENS,JAMAICA HILLS
QUEENS,KEW GARDENS
QUEENS,LAURELTON
QUEENS,LITTLE NECK
QUEENS,LONG ISLAND CITY
QUEENS,MASPETH
QUEENS,MIDDLE VILLAGE
QUEENS,NEPONSIT
QUEENS,OAKLAND GARDENS
QUEENS,OZONE PARK
QUEENS,QUEENS VILLAGE
QUEENS,REGO PARK
QUEENS,RICHMOND HILL
QUEENS,RIDGEWOOD
QUEENS,ROCKAWAY PARK
QUEENS,ROSEDALE
QUEENS,SO. JAMAICA-BAISLEY PARK
QUEENS,SOUTH JAMAICA
QUEENS,SOUTH OZONE PARK
QUEENS,SPRINGFIELD GARDENS
QUEENS,ST. ALBANS
QUEENS,SUNNYSIDE
QUEENS,WHITESTONE
QUEENS,WOODHAVEN
QUEENS,WOODSIDE
STATEN ISLAND,ANNADALE
STATEN ISLAND,ARDEN HEIGHTS
STATEN ISLAND,ARROCHAR
STATEN ISLAND,ARROCHAR-SHORE ACRES
STATEN ISLAND,BLOOMFIELD
STATEN ISLAND,BULLS HEAD
STATEN ISLAND,CASTLETON CORNERS
STATEN ISLAND,CLOVE LAKES
STATEN ISLAND,CONCORD
STATEN ISLAND,CONCORD-FOX HILLS
STATEN ISLAND,DONGAN HILLS
STATEN ISLAND,DONGAN HILLS-COLONY
STATEN ISLAND,ELTINGVILLE
STATEN ISLAND,EMERSON HILL
STATEN ISLAND,GRANT CITY
STATEN ISLAND,GRASMERE
STATEN ISLAND,GREAT KILLS
STATEN ISLAND,GREAT KILLS-BAY TERRACE
STATEN ISLAND,GRYMES HILL
STATEN ISLAND,HUGUENOT
STATEN ISLAND,LIVINGSTON
STATEN ISLAND,MANOR HEIGHTS
STATEN ISLAND,MARINERS HARBOR
STATEN ISLAND,MIDLAND BEACH
STATEN ISLAND,NEW BRIGHTON
STATEN ISLAND,NEW BRIGHTON-ST. GEORGE
STATEN ISLAND,NEW DORP
STATEN ISLAND,NEW DORP-BEACH
STATEN ISLAND,NEW DORP-HEIGHTS
STATEN ISLAND,NEW SPRINGVILLE
STATEN ISLAND,OAKWOOD
STATEN ISLAND,OAKWOOD-BEACH
STATEN ISLAND,PLEASANT PLAINS
STATEN ISLAND,PORT IVORY
STATEN ISLAND,PORT RICHMOND
STATEN ISLAND,PRINCES BAY
STATEN ISLAND,RICHMONDTOWN
STATEN ISLAND,RICHMONDTOWN-LIGHTHS HILL
STATEN ISLAND,ROSEBANK
STATEN ISLAND,ROSSVILLE
STATEN ISLAND,ROSSVILLE-CHARLESTON
STATEN ISLAND,ROSSVILLE-PORT MOBIL
STATEN ISLAND,ROSSVILLE-RICHMOND VALLEY
STATEN ISLAND,SILVER LAKE
STATEN ISLAND,SOUTH BEACH
STATEN ISLAND,STAPLETON
STATEN ISLAND,STAPLETON-CLIFTON
STATEN ISLAND,SUNNYSIDE
STATEN ISLAND,TODT HILL
STATEN ISLAND,TOMPKINSVILLE
STATEN ISLAND,TOTTENVILLE
STATEN ISLAND,TRAVIS
STATEN ISLAND,WEST NEW BRIGHTON
STATEN ISLAND,WESTERLEIGH
STATEN ISLAND,WILLOWBROOK
STATEN ISLAND,WOODROW
